time,open,high,low,close,VWAP,MA #1,MA #2,MA #3,BB Basis,BB #1 Upper,BB #1 Lower,BB #2 Upper,BB #2 Lower,Volume,Volume MA,Amplitude
2022-02-03T14:00:00-06:00,14591,14607,14569,14580,14728.148875256877,14589.476617935903,14605.976727489126,14675.363851546848,14640.8625,14718.41513938209,14563.309860617908,14757.191459073136,14524.533540926863,5986,4179.25,29.91259324132499
2022-02-03T14:05:00-06:00,14580.25,14601.5,14575.5,14582.75,14727.100982605269,14587.234411957268,14601.753686127466,14672.327331824,14635.7875,14714.593000283867,14556.981999716134,14753.9957504258,14517.5792495742,4253,4250.1,29.660167870916926
2022-02-03T14:10:00-06:00,14583.25,14607.25,14573.75,14600.5,14725.993667889248,14591.656274638179,14601.5257431952,14669.972337337967,14631.0875,14706.463602811897,14555.711397188103,14744.151654217845,14518.023345782154,4814,4271.9,29.90789897601906
2022-02-03T14:15:00-06:00,14599.75,14623,14599.25,14619.75,14725.003331371689,14601.020849758786,14604.839244432436,14668.325703326887,14628.8625,14702.80512556221,14554.919874437788,14739.776438343317,14517.948561656682,5169,4326.8,29.510615171114605
2022-02-03T14:20:00-06:00,14619,14640.75,14611.25,14612.5,14724.019776825855,14604.847233172524,14606.232109081084,14666.495352398137,14626.2375,14698.572221089562,14553.902778910437,14734.739581634343,14517.735418365655,5608,4474.7,29.509930321365275
2022-02-03T14:25:00-06:00,14613.25,14613.75,14587,14597.5,14723.166750249626,14602.398155448349,14604.644452884522,14664.233209696558,14622.475,14692.533350679238,14552.416649320763,14727.562526018857,14517.387473981144,4068,4539.05,29.33187030063203
2022-02-03T14:30:00-06:00,14596.75,14598.5,14545.75,14546,14721.377982296886,14583.598770298899,14593.981825087336,14660.356711017983,14616.75,14691.966853165017,14541.533146834983,14729.575279747525,14503.924720252475,6729,4711.5,30.842717378010608
2022-02-03T14:35:00-06:00,14545.75,14565.25,14527.5,14547.25,14718.942692711169,14571.4825135326,14585.48512961691,14656.648294263296,14611.175,14689.574633290324,14532.775366709675,14728.774449935485,14493.575550064514,8495,5004.5,31.28834851491315
2022-02-03T14:40:00-06:00,14547,14569.75,14539.25,14551.25,14717.319382297826,14564.738342355065,14579.260560595654,14653.192612484172,14604.5,14679.358700229484,14529.641299770516,14716.788050344225,14492.211949655775,6036,5084.95,31.237487320402625
2022-02-03T14:45:00-06:00,14550.5,14550.5,14515,14521.75,14714.904086872606,14550.408894903378,14568.804095032809,14648.883018632232,14596.925,14673.072898855951,14520.777101144047,14711.146848283928,14482.70315171607,8000,5345.3,31.512488138441164
2022-02-03T14:50:00-06:00,14522.75,14523.25,14456.25,14475.75,14709.818105548497,14525.522596602252,14551.885168663208,14643.20652621806,14588.075,14676.384696522198,14499.765303477803,14720.539544783298,14455.610455216703,14110,5846.4,33.80200503273528
2022-02-03T14:55:00-06:00,14476.25,14529.25,14471.25,14502.75,14702.318992842922,14517.931731068167,14542.951501633534,14638.601394210911,14580.275,14669.786577463423,14490.763422536576,14714.542366195135,14446.007633804864,23760,6908.85,35.36316599836526
2022-02-03T15:00:00-06:00,14503.75,14734,14501,14693.5,14700.574237084895,14576.454487378778,14570.323955881982,14640.401348499077,14582.2625,14679.631832312642,14484.89316768736,14728.316498468963,14436.208501531039,19984,7756.95,48.113929482341696
2022-02-03T15:05:00-06:00,14693.5,14712,14633.25,14653,14700.138879670476,14601.96965825252,14585.35596390344,14640.81441904009,14582.9,14681.932368445709,14483.86763155429,14731.448552668562,14434.351447331437,8710,7979.5,50.090450160900296
2022-02-03T15:10:00-06:00,14652.75,14702,14643,14694.75,14699.974272454738,14632.896438835012,14605.245788648268,14642.582798743695,14585.65,14693.505736982388,14477.794263017611,14747.433605473583,14423.866394526416,5663,8000.8,50.66525982793899
2022-02-03T15:15:00-06:00,14696.5,14791,14682.25,14783.5,14700.451968054982,14683.097625890008,14637.655645257673,14647.20303485046,14594.5625,14732.646611594899,14456.478388405101,14801.688667392347,14387.436332607653,6416,7923.8,54.412662419684864
2022-02-03T15:20:00-06:00,14783.25,14803.75,14765.5,14772.25,14700.96950533849,14712.815083926673,14662.127346119914,14651.302935347167,14604.2125,14762.207458385175,14446.217541614824,14841.204937577764,14367.220062422235,4569,7808.55,53.36991000551165
2022-02-03T15:25:00-06:00,14771,14782.25,14755.25,14780,14701.190389030977,14735.210055951115,14683.558737734475,14655.522511237423,14614.4125,14789.247584794188,14439.577415205813,14876.66512719128,14352.159872808721,2189,7616.25,51.66862548902703
2022-02-03T15:30:00-06:00,14781,14794.25,14768,14770,14701.438191180174,14746.80670396741,14699.275330873661,14659.27587152472,14623.75,14810.473927229606,14437.026072770394,14903.835890844412,14343.664109155588,2312,7553.95,50.02871416715432
2022-02-03T15:35:00-06:00,14770.75,14794,14769.25,14790.75,14701.626411384135,14761.454469311606,14715.907088896633,14663.586498687844,14633.775,14833.31740777342,14434.232592226579,14933.088611660132,14334.461388339867,1612,7424.15,48.397829382176624
2022-02-03T15:40:00-06:00,14789.75,14800,14783.25,14785.25,14701.766601675577,14769.386312874403,14728.514890915427,14667.57546594398,14644.0375,14852.379722976868,14435.695277023133,14956.5508344653,14331.5241655347,1139,7181.8,46.356033938165226
2022-02-03T15:45:00-06:00,14785.5,14789.5,14780.75,14785,14701.86218528074,14774.590875249602,14738.784910748986,14671.42545066713,14654.15,14869.139034604015,14439.160965395984,14976.633551906023,14331.666448093976,820,7010.15,43.92983820021908
2022-02-03T15:50:00-06:00,14785,14810,14772.75,14808.5,14702.129207393127,14785.893916833067,14751.460381521898,14675.91969818624,14664.55,14888.104836673476,14440.995163326523,14999.882255010214,14329.217744989784,2010,6869.95,43.49888089697914
2022-02-03T15:55:00-06:00,14808.5,14815.5,14799.5,14803.75,14702.307864418963,14791.845944555378,14760.967584881553,14680.110855622757,14673.75,14904.210679943455,14443.289320056545,15019.441019915184,14328.058980084816,1232,6673.1,41.724759548786935
2022-02-03T17:00:00-06:00,14770,14771.75,14737.5,14754.75,14754.666666666666,14779.480629703585,14759.837114903088,14682.558040684306,14680.8625,14912.101903811566,14449.623096188432,15027.72160571735,14334.003394282649,3027,6544.05,41.242516997252295
2022-02-03T17:05:00-06:00,14756.5,14769,14754,14762.5,14756.891761579347,14773.82041980239,14760.3212758298,14685.179088530722,14689.1125,14919.63904266955,14458.585957330448,15034.902314004326,14343.322685995672,1363,6408.8,39.54945138452634
2022-02-03T17:10:00-06:00,14762.75,14774.25,14752.5,14759.75,14758.109758234057,14769.130279868261,14760.217407497108,14687.624036447747,14699.8,14922.482037892778,14477.11796210722,15033.823056839168,14365.77694316083,1318,6138.25,38.401099682298835
2022-02-03T17:15:00-06:00,14760.25,14786,14758.75,14780,14760.53162643075,14772.753519912174,14763.814242497634,14690.652756564214,14711.4375,14925.160853602269,14497.714146397731,15032.022530403401,14390.852469596599,961,5761.55,37.68167389634407
2022-02-03T17:20:00-06:00,14781.5,14787.75,14774.75,14776,14762.585962918394,14773.835679941449,14766.029834770792,14693.451026840798,14722.675,14924.84869388747,14520.501306112528,15025.935540831206,14419.414459168793,810,5500.25,36.089307838515424
2022-02-03T17:25:00-06:00,14776,14779.25,14759.5,14761.5,14762.946991899704,14769.723786627632,14765.20622844883,14695.68214071487,14734.6625,14915.0141201063,14554.310879893701,15005.189930159448,14464.135069840553,710,5135.75,35.03515894570798
2022-02-03T17:30:00-06:00,14760.5,14775,14760.5,14772,14763.311635437023,14770.482524418421,14766.441459639951,14698.184365609464,14749.475,14885.56595304223,14613.38404695777,14953.611429563347,14545.338570436654,510,4455.75,33.710309981468754
2022-02-03T17:35:00-06:00,14771.75,14777,14765.75,14775.25,14763.769824350426,14772.071682945614,14768.043012432687,14700.71110772063,14763.1,14838.839091623591,14687.36090837641,14876.708637435386,14649.491362564615,448,3290.15,32.2612577245998
2022-02-03T17:40:00-06:00,14776,14778,14763.5,14771.25,14764.020868495078,14771.797788630409,14768.626101081289,14703.023858287166,14766.9875,14835.692753620153,14698.282246379846,14870.045380430229,14663.92961956977,333,2307.6,31.11537012946433
2022-02-03T17:45:00-06:00,14771.25,14782.5,14771.25,14773,14764.450673708445,14772.198525753605,14769.421355430146,14705.318158015456,14772.9875,14817.540972087294,14728.434027912705,14839.817708130942,14706.157291869056,366,1890.4,29.833733346918244
2022-02-03T17:50:00-06:00,14772.75,14773.75,14760.75,14764.75,14764.546589701478,14769.715683835737,14768.57201807921,14707.266742998556,14776.4875,14803.42004304846,14749.554956951539,14816.886314572692,14736.088685427307,505,1632.5,28.747686034213842
2022-02-03T17:55:00-06:00,14765.25,14766,14758.5,14761.75,14764.445494410475,14767.06045589049,14767.331651155717,14709.053079293684,14775.4,14802.863339200001,14747.936660799998,14816.5950088,14734.204991199998,443,1333.85,27.376867580393593
2022-02-03T18:00:00-06:00,14763,14773.5,14757.5,14771.75,14764.665281008585,14768.623637260327,14768.134987309222,14711.108716038154,14775.375,14802.850671056844,14747.899328943156,14816.588506585265,14734.161493414735,813,1146.05,26.642876123594007
2022-02-03T18:05:00-06:00,14772.5,14780,14764,14780,14765.117757944667,14772.41575817355,14770.29226234391,14713.367446659853,14775.375,14802.850671056844,14747.899328943156,14816.588506585265,14734.161493414735,550,1064.1,25.956238954329876
2022-02-03T18:10:00-06:00,14779.5,14783,14773,14775,14765.660615694585,14773.2771721157,14771.148214645018,14715.388186113629,14775.625,14802.991265730345,14748.258734269655,14816.674398595516,14734.575601404484,582,977.6,24.926804183082787
2022-02-03T18:15:00-06:00,14775,14779,14767,14769.75,14765.908688277419,14772.101448077134,14770.89399380047,14717.17054066728,14774.575,14801.139120537187,14748.010879462814,14814.42118080578,14734.72881919422,526,923.3,24.092816816432286
2022-02-03T18:20:00-06:00,14769,14775.5,14765.5,14770,14766.026228565834,14771.400965384755,14770.73144947311,14718.902654088026,14773.8125,14799.97969081125,14747.64530918875,14813.063286216873,14734.561713783127,362,884.45,23.183602828275365
2022-02-03T18:25:00-06:00,14770.75,14776.5,14762.25,14764.5,14766.099505808505,14769.100643589836,14769.598458659819,14720.39764903596,14772.7875,14798.72650296786,14746.84849703214,14811.69600445179,14733.878995548212,605,873.7,22.607241355483406
2022-02-03T18:30:00-06:00,14764.25,14768,14751.75,14752.75,14765.67174111415,14763.650429059891,14766.535102539852,14721.458381854452,14770,14791.609604346768,14748.390395653232,14802.41440652015,14737.58559347985,745,810.45,22.197096751903832
2022-02-03T18:35:00-06:00,14754,14759.75,14748.5,14748.75,14765.234162092345,14758.683619373262,14763.301447532607,14722.353189006766,14767.25,14784.548121285961,14749.951878714039,14793.197181928943,14741.302818071057,508,774.25,21.490832445329392
2022-02-03T18:40:00-06:00,14748.25,14754.75,14746.25,14752,14764.819184952976,14756.455746248841,14761.246638890316,14723.325215596707,14767.1125,14784.8441630672,14749.380836932798,14793.7099946008,14740.515005399198,465,646.15,20.652714223050076
2022-02-03T18:45:00-06:00,14752.25,14765.75,14752,14760.5,14764.562383056647,14757.803830832561,14761.110886364804,14724.54406098698,14767.0125,14784.869203921442,14749.15579607856,14793.797555882162,14740.22744411784,796,617.8,20.207377821562975
2022-02-03T18:50:00-06:00,14760.75,14766,14758.5,14764,14764.520471584505,14759.869220555041,14761.63617975302,14725.83769833167,14767.225,14784.830325898445,14749.619674101556,14793.632988847668,14740.817011152332,416,572.7,19.387546994365366
2022-02-03T18:55:00-06:00,14762.25,14767.75,14759.5,14765.5,14764.514160786097,14761.746147036694,14762.338692525198,14727.138101665058,14766.5,14783.107227340899,14749.892772659101,14791.41084101135,14741.58915898865,410,545.15,18.66899557537405
2022-02-03T19:00:00-06:00,14765.75,14773,14748.25,14764.5,14764.4093304571,14762.664098024463,14762.731657520617,14728.363081938334,14765.925,14781.963313504886,14749.886686495112,14789.982470257331,14741.867529742667,739,541.6,19.061318441478953
2022-02-03T19:05:00-06:00,14763,14763,14744,14748,14763.812992365083,14757.776065349643,14760.05317433505,14729.006915317404,14765.25,14783.019355643917,14747.480644356083,14791.904033465875,14738.595966534125,899,551.05,19.05736241299644
2022-02-03T19:10:00-06:00,14748.25,14751.75,14737.5,14747.5,14763.123616328572,14754.350710233095,14757.770779001405,14729.613245962735,14764.025,14783.094543781594,14744.955456218406,14792.629315672391,14735.420684327608,755,563.3,18.747209999254736
2022-02-03T19:15:00-06:00,14747,14753.5,14730.75,14734.75,14762.380702945642,14747.817140155397,14753.585182819332,14729.781664127891,14762,14784.213734491248,14739.786265508752,14795.320601736872,14728.679398263128,653,573.55,19.00545451543185
2022-02-03T19:20:00-06:00,14734.25,14737.75,14726.25,14734,14761.440102698974,14743.211426770265,14750.024240488545,14729.91997022206,14760.1375,14785.022472873487,14735.252527126515,14797.464959310231,14722.81004068977,674,590.6,18.521231643468504
2022-02-03T19:25:00-06:00,14734.25,14748,14726.25,14743.25,14760.82668036842,14743.22428451351,14748.79256039972,14730.357020378713,14758.65,14783.836504323035,14733.463495676964,14796.429756484553,14720.870243515446,603,602.45,18.72953927937376
2022-02-03T19:30:00-06:00,14742.75,14748,14730.5,14732,14760.225190726389,14739.48285634234,14745.73936759977,14730.410888563018,14757.0125,14784.548601302437,14729.476398697565,14798.316651953655,14715.708348046346,563,605.35,18.650214164575452
2022-02-03T19:35:00-06:00,14732,14735.75,14713.5,14715.5,14758.615800403968,14731.488570894893,14740.241300763448,14729.922006970788,14754.7,14787.517906695379,14721.882093304623,14803.926860043066,14705.473139956935,976,632,18.882458412022196
2022-02-03T19:40:00-06:00,14715.75,14722.5,14711.75,14714.5,14757.637367294754,14725.82571392993,14735.561064261003,14729.416367397975,14751.8375,14788.021845717318,14715.653154282681,14806.114018575978,14697.560981424022,554,619.05,18.3577836757627
2022-02-03T19:45:00-06:00,14715,14716,14700,14714,14755.59229040323,14721.883809286619,14731.640870759002,14728.910912729189,14748.5375,14785.866535280418,14711.208464719582,14804.531052920625,14692.543947079375,1076,645.35,18.205668599907042
2022-02-03T19:50:00-06:00,14712.75,14723.25,14712.75,14719.5,14754.729342841922,14721.08920619108,14729.433439711911,14728.602358213477,14745.7625,14783.061787861005,14708.463212138997,14801.711431791506,14689.813568208496,597,646.1,17.70852869023562
2022-02-03T19:55:00-06:00,14719.25,14722,14709.5,14713,14754.142636819737,14718.392804127387,14726.445541582472,14728.090805485166,14742.925,14781.116982143601,14704.733017856397,14800.212973215403,14685.637026784596,383,638.95,17.37249458118816
2022-02-03T20:00:00-06:00,14713,14724.75,14712.75,14724.25,14753.40045870411,14720.34520275159,14726.04635220384,14727.964877436472,14740.6375,14777.52702256187,14703.747977438132,14795.971783842804,14685.303216157197,589,650.3,17.025882027563117
2022-02-03T20:05:00-06:00,14723.25,14737.25,14721.75,14735.75,14752.857287128227,14725.480135167727,14727.810651803142,14728.220127356588,14739.2,14774.46279909358,14703.937200906421,14792.09419864037,14686.305801359631,680,654.05,16.927438025784852
2022-02-03T20:10:00-06:00,14736.75,14748.5,14735.75,14738.25,14752.502259214512,14729.736756778484,14729.708715111661,14728.548975639978,14738.475,14773.185553150166,14703.764446849835,14790.540829725249,14686.409170274752,831,658.35,16.657925895089054
2022-02-03T20:15:00-06:00,14739.25,14755.5,14735.25,14752.25,14752.386706782734,14737.241171185657,14733.807130545905,14729.32605840588,14738.65,14773.600464948064,14703.699535051936,14791.075697422095,14686.224302577904,689,667.4,16.889672611534923
2022-02-03T20:20:00-06:00,14753.25,14756.75,14739,14741,14752.271878977992,14738.49411412377,14735.114924992104,14729.708810589294,14738.1,14772.535229053494,14703.664770946507,14789.752843580241,14686.44715641976,495,668.9,16.945177604339122
2022-02-03T20:25:00-06:00,14740.75,14754,14739,14752.5,14752.212884025863,14743.16274274918,14738.275847720812,14730.456062701121,14737.7,14771.259871869042,14704.140128130959,14788.039807803563,14687.360192196438,466,652.4,16.81968227502692
2022-02-03T20:30:00-06:00,14752.25,14763,14748.25,14763,14752.334823287098,14749.775161832787,14742.771148135209,14731.52307703879,14737.65,14771.055613301689,14704.24438669831,14787.758419952534,14687.541580047466,632,663.2,16.686154386315508
2022-02-03T20:35:00-06:00,14762.25,14762.75,14750.5,14752.75,14752.379768418095,14750.766774555192,14744.585484837899,14732.219041726043,14737.0125,14768.71087337925,14705.314126620751,14784.560060068876,14689.464939931126,463,665.85,16.399950877520958
2022-02-03T20:40:00-06:00,14753,14756.75,14746,14747,14752.361877979536,14749.511183036795,14745.024487594645,14732.703663308796,14736.1375,14765.64278554118,14706.632214458821,14780.39542831177,14691.879571688232,226,640.2,16.035437917680895
2022-02-03T20:45:00-06:00,14747,14748.25,14743.75,14747,14752.320889725908,14748.67412202453,14745.383671668345,14733.172395659327,14736.0875,14765.515494750545,14706.659505249454,14780.229492125818,14691.945507874181,213,605.9,15.291216116540191
2022-02-03T20:50:00-06:00,14747.25,14754.5,14740.5,14750.5,14752.248851654658,14749.282748016352,14746.313913183192,14733.740513834431,14736.2375,14765.926081561414,14706.548918438584,14780.77037234212,14691.704627657879,602,598.25,15.207911850956952
2022-02-03T20:55:00-06:00,14751.25,14752.25,14741.5,14743,14752.201798986222,14747.188498677568,14745.71138351352,14734.044103544778,14736.65,14766.473396856529,14706.82660314347,14781.385095284792,14691.914904715208,227,576.95,14.92030463476618
2022-02-03T21:00:00-06:00,14743.75,14748.5,14738.25,14747.75,14752.128298081954,14747.375665785044,14746.082041056517,14734.493477199048,14737.3375,14767.516662929636,14707.158337070363,14782.606244394454,14692.068755605545,324,559.45,14.618994658329653
2022-02-03T21:05:00-06:00,14747.75,14759.25,14747.25,14756.25,14752.155955636583,14750.33377719003,14747.930760864423,14735.206805815473,14737.9875,14769.190654889102,14706.784345110897,14784.792232333655,14691.182767666343,429,550.75,14.450027261018063
2022-02-03T21:10:00-06:00,14757,14770,14757,14768.75,14752.338002636781,14756.472518126686,14751.716077070892,14736.306582673982,14739.825,14773.621856362122,14706.02814363788,14790.520284543183,14689.129715456818,464,545.8,14.35647711514593
2022-02-03T21:15:00-06:00,14768,14770.5,14761.5,14764,14752.462568378984,14758.981678751124,14753.949517603458,14737.214563569918,14742.25,14775.675289826717,14708.824710173283,14792.387934740074,14692.112065259926,323,513.15,14.010897946426837
2022-02-03T21:20:00-06:00,14763,14766.75,14761.5,14763,14752.528173619716,14760.321119167416,14755.595059857375,14738.059987715167,14744.675,14776.703541960334,14712.646458039664,14792.7178129405,14696.632187059498,197,495.3,13.44567872407672
2022-02-03T21:25:00-06:00,14763.5,14763.75,14755,14760,14752.593546909862,14760.214079444944,14756.395958065124,14738.779332380243,14746.975,14776.35947719241,14717.59052280759,14791.051715788615,14702.898284211386,317,457.35,13.142731709620158
2022-02-03T21:30:00-06:00,14759.25,14763.5,14749,14752,14752.61642171045,14757.476052963297,14755.596692962374,14739.212796892367,14748.6,14775.188719411039,14722.011280588962,14788.483079116559,14708.716920883442,353,445.15,13.230297405773696
2022-02-03T21:35:00-06:00,14752.25,14758.75,14750.75,14757,14752.633505895887,14757.317368642198,14755.851839696488,14739.795983879503,14750.8,14771.971679196737,14729.628320803262,14782.557518795104,14719.042481204895,206,436.3,12.892858863465715
2022-02-03T21:40:00-06:00,14757,14758.75,14753.25,14754,14752.644410071323,14756.2115790948,14755.515141569855,14740.261689326077,14752.2875,14769.62119190238,14734.95380809762,14778.28803785357,14726.28696214643,141,413.9,12.415900227113088
2022-02-03T21:45:00-06:00,14754.25,14760.25,14753.75,14755.75,14752.665173144138,14756.057719396533,14755.557843102608,14740.769502790796,14753.2875,14768.913019991805,14737.661980008195,14776.725779987708,14729.849220012293,185,389.15,12.034229244718695
2022-02-03T21:50:00-06:00,14755.75,14762.75,14753.75,14757.5,14752.694800993615,14756.538479597688,14755.910962538497,14741.3180436829,14754.25,14768.348758809772,14740.151241190228,14775.39813821466,14733.10186178534,196,357.4,11.838472519252973
2022-02-03T21:55:00-06:00,14757.75,14763.5,14755.5,14761,14752.743531106045,14758.025653065126,14756.836242076952,14741.963353726083,14754.6875,14769.051408763848,14740.323591236152,14776.233363145773,14733.141636854227,237,334.8,11.590829130914072
2022-02-03T22:00:00-06:00,14761,14766.5,14758.5,14760,14752.807860861953,14758.683768710083,14757.411470790234,14742.554719177688,14755.6375,14768.709870669247,14742.565129330755,14775.24605600387,14736.02894399613,258,322.95,11.359162735371228
2022-02-03T22:05:00-06:00,14760.25,14760.75,14753.75,14754.25,14752.82993688341,14757.205845806722,14756.836657919283,14742.938171007927,14755.725,14768.735476544653,14742.714523455348,14775.240714816979,14736.209285183022,231,311.2,11.077926429863407
2022-02-03T22:10:00-06:00,14754,14760,14750.75,14755.5,14752.85215157354,14756.637230537815,14756.593629206685,14743.350034253568,14755.35,14767.92517395468,14742.77482604532,14774.21276093202,14736.487239067981,312,295.2,10.959995692452864
2022-02-03T22:15:00-06:00,14755,14761.75,14755,14759,14752.910086464493,14757.424820358543,14757.031151169107,14743.863147884598,14755.6625,14768.274275251346,14743.050724748655,14774.580162877019,14736.744837122982,371,290.6,10.688383067133325
2022-02-03T22:20:00-06:00,14758,14766.25,14754.75,14760,14753.026945666166,14758.283213572362,14757.570941865633,14744.392225003136,14756.3125,14768.400588146918,14744.224411853082,14774.444632220378,14738.180367779622,587,308.65,10.740745449898917
2022-02-03T22:25:00-06:00,14760,14766.75,14758.5,14761.75,14753.08547640621,14759.43880904824,14758.330770617336,14744.961332380082,14757.05,14768.561515977703,14745.538484022296,14774.317273966553,14739.782726033445,236,309.8,10.58005219506673
2022-02-03T22:30:00-06:00,14762.25,14767.25,14762.25,14765.75,14753.143387878143,14761.542539365493,14759.679721414184,14745.642928039751,14757.8125,14769.50638194945,14746.11861805055,14775.353322924177,14740.271677075823,182,288.8,10.220048827643069
2022-02-03T22:35:00-06:00,14765.5,14778.25,14765.5,14775.25,14753.42425767598,14766.111692910328,14762.51068115706,14746.613651710579,14759.425,14771.394857983809,14747.45514201619,14777.379786975715,14741.470213024284,541,304.5,10.383271483924162
2022-02-03T22:40:00-06:00,14775.75,14783,14775.5,14777.25,14753.690453400937,14769.82446194022,14765.190557310321,14747.618122146298,14760.9,14773.97134270128,14747.82865729872,14780.50701405192,14741.29298594808,409,308.75,10.19725396883228
2022-02-03T22:45:00-06:00,14776.75,14782,14769,14775,14754.003862431164,14771.549641293479,14766.974092344808,14748.515888633305,14761.8375,14776.077650105048,14747.597349894952,14783.197725157572,14740.477274842428,568,315.7,10.378076293423746
2022-02-03T22:50:00-06:00,14774.5,14774.5,14771,14774.5,14754.057918509854,14772.533094195653,14768.342439191207,14749.3678267109,14762.125,14777.123749947117,14747.126250052883,14784.623124920676,14739.626875079324,110,298,9.934329435783503
2022-02-03T22:55:00-06:00,14774,14779.5,14771,14777.5,14754.15344926509,14774.188729463769,14770.00745024735,14750.290193048248,14762.8,14779.223002166247,14746.376997833751,14787.434503249371,14738.165496750627,172,290.45,9.84179205282973
2022-02-03T23:00:00-06:00,14778,14786.25,14777.5,14783.5,14754.466864001603,14777.29248630918,14772.46064111147,14751.379039177813,14763.825,14782.56539754076,14745.084602459241,14791.93559631114,14735.714403688862,443,302.75,9.771353855872974
2022-02-03T23:05:00-06:00,14784,14792.5,14782.5,14784.5,14754.822109315048,14779.694990872786,14774.649615454839,14752.464972319523,14765.05,14785.732480511411,14744.367519488587,14796.073720767115,14734.026279232883,448,309.3,9.786105220010201
2022-02-03T23:10:00-06:00,14784.5,14790,14781.75,14782.75,14754.992745151127,14780.713327248524,14776.122412644869,14753.457924046752,14766.5875,14787.727672066809,14745.44732793319,14798.297758100214,14734.877241899785,231,303.2,9.687001657428898
2022-02-03T23:15:00-06:00,14782.5,14801.75,14781,14792.75,14755.695436364223,14784.725551499016,14779.145610345802,14754.746188832105,14768.375,14791.883243236101,14744.866756763899,14803.637364854152,14733.112635145848,790,332.4,10.400743485981872
2022-02-03T23:20:00-06:00,14793,14800.75,14792.75,14797.75,14756.056002983743,14789.067034332676,14782.528226646566,14756.156149854003,14770.5625,14796.345185567017,14744.779814432983,14809.236528350526,14731.888471649474,364,343.55,10.245856809466913
2022-02-03T23:25:00-06:00,14798,14809,14794.5,14798,14756.835612224106,14792.044689555118,14785.34127634719,14757.528079366986,14772.675,14800.126366088136,14745.223633911863,14813.852049132205,14731.497950867793,746,371.6,10.520317660469047
2022-02-03T23:30:00-06:00,14797.25,14801.5,14790,14795.75,14757.123530555882,14793.279793036745,14787.233771556792,14758.781257092658,14774.5875,14802.860842127136,14746.314157872863,14816.997513190705,14732.177486809294,317,377.65,10.58352297269685
2022-02-03T23:35:00-06:00,14795,14798.25,14788.5,14797,14757.37537575828,14794.519862024497,14789.009449455558,14760.034330630604,14776.3875,14805.541605627885,14747.233394372117,14820.118658441828,14732.656341558173,290,380.3,10.529747297038988
2022-02-03T23:40:00-06:00,14796.5,14802.25,14795,14798.25,14757.665999109926,14795.763241349665,14790.689549554547,14761.287303396814,14778.3,14807.917815585106,14748.682184414893,14822.726723377658,14733.87327662234,307,382.75,10.31815069723002
2022-02-03T23:45:00-06:00,14798,14798.75,14791.5,14797.75,14757.87836126118,14796.42549423311,14791.973267817357,14762.482801646098,14780.475,14809.080462763586,14751.869537236415,14823.383194145381,14737.56680585462,242,383.3,10.120205490957115
2022-02-03T23:50:00-06:00,14797.75,14804.5,14796.75,14802,14758.123235001784,14798.283662822074,14793.796310032383,14763.778447493767,14782.8,14810.450768525616,14755.149231474383,14824.276152788423,14741.323847211575,249,380.15,9.96728900766956
2022-02-03T23:55:00-06:00,14801.25,14809,14801.25,14803.5,14758.60776120972,14800.022441881383,14795.560617299223,14765.080793477578,14785.025,14811.805076549821,14758.244923450178,14825.195114824732,14744.854885175268,463,384.75,9.824238103948943
2022-02-04T00:00:00-06:00,14804,14806,14796.25,14804.75,14759.005940689822,14801.59829458759,14797.23141415391,14766.381423199626,14787.2625,14812.75194634475,14761.773053655252,14825.496669517124,14749.028330482877,408,375.8,9.819448548855464
2022-02-04T00:05:00-06:00,14805.25,14816.75,14803.75,14816.25,14759.70838747807,14806.482196391726,14800.689338853199,14768.016458504557,14789.9875,14815.636805549128,14764.338194450871,14828.461458323693,14751.513541676306,599,393.95,10.024645416671241
2022-02-04T00:10:00-06:00,14816,14817,14805.5,14807,14760.029785612162,14806.654797594483,14801.83673178898,14769.294607406047,14792.05,14816.159437988159,14767.94056201184,14828.214156982238,14755.88584301776,293,399.5,10.119829583337612
2022-02-04T00:15:00-06:00,14806.75,14813,14803,14811.5,14760.296084086045,14808.269865062988,14803.59368964553,14770.678390769783,14793.8625,14818.097534043323,14769.627465956675,14830.215051064984,14757.509948935014,249,384.9,10.112098642477122
2022-02-04T00:20:00-06:00,14810.5,14813.75,14797.25,14797.5,14760.544597713586,14804.679910041992,14802.485746073615,14771.557787793725,14794.875,14817.911655573238,14771.838344426762,14829.429983359858,14760.320016640142,270,377.95,10.524221310704403
2022-02-04T00:25:00-06:00,14798.5,14804,14793.25,14799.75,14760.84675261015,14803.03660669466,14801.988337696594,14772.48212262016,14796.1125,14817.333053129098,14774.891946870901,14827.943329693648,14764.28167030635,366,367.85,10.538787677755732
2022-02-04T00:30:00-06:00,14800.25,14808,14794,14795,14761.12079763275,14800.357737796441,14800.717730842667,14773.220413681795,14797.1375,14815.924114247025,14778.350885752976,14825.317421370537,14768.957578629464,337,379.2,10.762091698545685
2022-02-04T00:35:00-06:00,14794,14800.5,14789.5,14797.5,14761.350107629332,14799.40515853096,14800.132688871274,14774.016465692228,14798.1375,14814.624976303021,14781.65002369698,14822.868714454531,14773.40628554547,312,386.2,10.777440621220157
2022-02-04T00:40:00-06:00,14797.5,14811,14796.5,14809.25,14761.571888781216,14802.686772353974,14801.79038180377,14775.171663538384,14799.425,14815.142903808355,14783.707096191643,14823.001855712533,14775.848144287465,238,375.95,11.01760574243176
2022-02-04T00:45:00-06:00,14809.25,14814,14805.25,14806.75,14761.877455802532,14804.041181569317,14802.692130566722,14776.207018832207,14800.5375,14814.969474051193,14786.105525948808,14822.18546107679,14778.889538923211,310,369.05,10.871308597758743
2022-02-04T00:50:00-06:00,14807,14816.25,14800.25,14812.75,14762.234483522725,14806.944121046212,14804.520834100045,14777.4051493623,14802.0375,14814.915072557227,14789.159927442774,14821.353858835839,14782.721141164162,359,375.45,11.202191914032372
2022-02-04T00:55:00-06:00,14813,14816.25,14804.75,14807,14762.519430105307,14806.962747364141,14804.971591536401,14778.375472334026,14802.75,14815.057518028581,14790.442481971419,14821.211277042872,14784.288722957128,293,350.6,11.22140533893351
2022-02-04T01:00:00-06:00,14806.75,14811,14798,14803.25,14763.023877273501,14805.725164909427,14804.65857489342,14779.191030618156,14803.025,14815.117249587476,14790.932750412523,14821.163374381214,14784.886625618785,595,362.15,11.33615338158296
2022-02-04T01:05:00-06:00,14802.75,14825.75,14798.5,14821,14764.011457853909,14810.816776606285,14807.629743094616,14780.561816499529,14804.175,14818.334890538319,14790.01510946168,14825.41483580748,14782.935164192519,948,372.25,12.362853163416318
2022-02-04T01:10:00-06:00,14821.5,14821.5,14794.75,14798,14764.564706250041,14806.544517737524,14805.878880713777,14781.133560220855,14804.2875,14818.211647192491,14790.36335280751,14825.173720788736,14783.401279211264,688,390.8,13.291056185131394
2022-02-04T01:15:00-06:00,14799,14800.75,14778,14781.25,14764.90660648697,14798.113011825017,14801.400902402182,14781.137377918532,14803.5,14820.438860645047,14786.561139354953,14828.90829096757,14778.09170903243,796,416.1,13.901310624800336
2022-02-04T01:20:00-06:00,14781,14781,14772,14776.5,14765.10066783865,14790.908674550012,14796.873465601784,14780.985332740876,14802.4125,14822.966863893393,14781.858136106608,14833.244045840089,14771.580954159912,876,444.55,13.58509703610354
2022-02-04T01:25:00-06:00,14777.5,14785,14767.5,14769.75,14765.205673691898,14783.855783033341,14791.94192640146,14780.616961175601,14801.0125,14825.98572316021,14776.039276839792,14838.472334740312,14763.55266525969,619,463.4,13.837671420871054
2022-02-04T01:30:00-06:00,14770.25,14782,14769,14778.5,14765.330130240434,14782.070522022228,14789.497939783012,14780.547552612466,14799.8375,14826.657397000356,14773.017602999644,14840.067345500533,14759.607654499467,590,480.45,13.783628103395502
2022-02-04T01:35:00-06:00,14778.25,14779.25,14758.25,14758.5,14765.330174139435,14774.213681348152,14783.861950731556,14779.824682035009,14797.5875,14829.80755392668,14765.36744607332,14845.91758089002,14749.25741910998,744,494.5,14.249200483821598
2022-02-04T01:40:00-06:00,14758.5,14765.75,14732.5,14734,14764.613512575426,14760.809120898768,14774.796141507637,14778.322233443698,14794.05,14836.3168901166,14751.7831098834,14857.450335174899,14730.6496648251,1895,568.85,15.475058517123431
2022-02-04T01:45:00-06:00,14734.25,14752.5,14733,14748,14764.312000315591,14756.539413932513,14769.924115778977,14777.32806185538,14790.6375,14836.084852781463,14745.190147218538,14858.808529172193,14722.466470827809,855,581.65,15.734732161179984
2022-02-04T01:50:00-06:00,14745.5,14757,14736.25,14738.25,14764.112184161488,14750.442942621676,14764.165185637345,14776.046813925695,14787.2,14837.335217161619,14737.064782838383,14862.402825742429,14711.997174257573,562,595.1,16.05829782820063
2022-02-04T01:55:00-06:00,14738,14748.25,14725.75,14743.25,14763.783692287485,14748.045295081118,14760.362424612373,14774.971508551083,14783.7875,14836.086466289884,14731.488533710117,14862.235949434827,14705.339050565173,766,620.95,16.473891516703816
2022-02-04T02:00:00-06:00,14744,14764.5,14736,14759,14763.483025333668,14751.696863387411,14760.114711046486,14774.447852533016,14781.8625,14834.830762904805,14728.894237095194,14861.314894357207,14702.410105642792,1701,692.5,17.249769483368084
2022-02-04T02:05:00-06:00,14758.25,14769,14748.75,14758,14763.39113559756,14753.79790892494,14759.730218128943,14773.908578679475,14779.775,14833.04879749902,14726.50120250098,14859.68569624853,14699.864303751468,1148,731.6,17.44333274250563
2022-02-04T02:10:00-06:00,14758,14763,14749,14752,14763.294585447025,14753.19860594996,14758.32472392368,14773.19026462441,14777.625,14831.731723242347,14723.518276757653,14858.785084863519,14696.464915136481,685,749,17.221182242989137
2022-02-04T02:15:00-06:00,14752,14773.25,14751,14762,14763.272529845932,14756.13240396664,14758.992955937558,14772.8233707023,14775.85,14829.55996183196,14722.140038168041,14856.414942747939,14695.285057252062,1148,790.8,17.54562209828016
2022-02-04T02:20:00-06:00,14761,14764.25,14743,14743.75,14763.098803152645,14752.00493597776,14756.221509403456,14771.870145433371,14772.575,14825.724106295269,14719.425893704733,14852.298659442902,14692.8513405571,858,821.8,17.78461422097176
2022-02-04T02:25:00-06:00,14745,14748,14720.75,14724.5,14762.572053006634,14742.836623985173,14750.453962239191,14770.317025910967,14768.4625,14823.105265990438,14713.819734009561,14850.426648985658,14686.498351014341,1069,859.75,18.39528427123165
2022-02-04T02:30:00-06:00,14724.5,14730.5,14715.5,14719.5,14761.873826379853,14735.057749323449,14744.825969104793,14768.650893913886,14763.8,14818.444899123124,14709.155100876875,14845.767348684685,14681.832651315313,1133,898.45,18.176233673087673
2022-02-04T02:35:00-06:00,14719.5,14727.75,14712.75,14722.25,14761.40043586178,14730.788499548966,14740.721247449377,14767.129553129824,14759.5625,14813.286534426166,14705.838465573834,14840.14855163925,14678.97644836075,773,922.45,17.971315371598145
2022-02-04T02:40:00-06:00,14721.5,14729.5,14706,14724.5,14760.702973171628,14728.692333032644,14737.771929731309,14765.731862863273,14755.625,14807.474903568125,14703.775096431875,14833.399855352187,14677.850144647813,1146,950,18.32800470246278
2022-02-04T02:45:00-06:00,14724.5,14728.25,14704.25,14709.25,14760.11081880682,14722.211555355096,14732.586124325617,14763.8799985071,14750.0375,14796.285547256486,14703.789452743515,14819.409570884729,14680.665429115272,872,946.2,18.693939882949053
2022-02-04T02:50:00-06:00,14709.25,14719.25,14700.75,14717.25,14759.496499321835,14720.557703570064,14729.797738084595,14762.351146097031,14746,14788.762132781514,14703.237867218486,14810.143199172271,14681.856800827729,899,956.75,18.68142763243621
2022-02-04T02:55:00-06:00,14718,14737,14718,14731,14758.998045379154,14724.038469046709,14730.016331160123,14761.323239667621,14743.4875,14783.485460886537,14703.489539113461,14803.484441329807,14683.490558670192,1147,974.3,18.701980688408067
2022-02-04T03:00:00-06:00,14728.5,14743,14722.25,14725.5,14758.57404115455,14724.52564603114,14729.1951800401,14760.148707219503,14740.9375,14778.627974592078,14703.247025407922,14797.473211888118,14684.401788111882,1062,983.6,18.834110966575288
2022-02-04T03:05:00-06:00,14724.75,14731,14711.75,14713.5,14758.223736073638,14720.850430687426,14726.3415109419,14758.619241409027,14738.125,14775.185254990705,14701.064745009295,14793.71538248606,14682.53461751394,639,984.6,18.86094251711882
2022-02-04T03:10:00-06:00,14713.5,14718.5,14702.25,14712.75,14757.57656321418,14718.15028712495,14723.870327134282,14757.115331854633,14734.8375,14768.497296123298,14701.177703876701,14785.327194184947,14684.347805815052,1013,1005.75,18.692494612788572
2022-02-04T03:15:00-06:00,14712.5,14723.5,14701.5,14705.5,14756.98856404137,14713.933524749968,14720.530267655322,14755.423025892185,14732.1875,14766.320282995237,14698.054717004763,14783.386674492856,14680.988325507144,925,1014.8,18.905882057124792
2022-02-04T03:20:00-06:00,14705.5,14705.5,14681,14688,14755.52574631431,14705.289016499979,14714.615673536173,14753.212434879326,14729.8875,14769.050452837319,14690.724547162683,14788.631929255978,14671.143070744023,1704,1005.25,19.266792892149
2022-02-04T03:25:00-06:00,14688.25,14709,14680.25,14702,14754.703209477655,14704.192677666653,14712.321914711414,14751.533338653775,14727.5875,14767.61882367332,14687.55617632668,14787.63448550998,14667.54051449002,1089,1016.95,19.87861270555874
2022-02-04T03:30:00-06:00,14702,14712,14695.75,14709.75,14754.123416428283,14706.045118444436,14711.854293854793,14750.163393124143,14726.1625,14766.601118609125,14685.723881390875,14786.820427913688,14665.504572086313,929,1035.3,19.644508660038824
2022-02-04T03:35:00-06:00,14710,14724.25,14705.5,14715.5,14753.741299729385,14709.196745629624,14712.517149517558,14749.026888431548,14724.775,14764.673903493884,14684.876096506116,14784.623355240827,14664.926644759173,774,1035.7,19.586798423907286
2022-02-04T03:40:00-06:00,14715.5,14716,14697.25,14711,14753.251791038556,14709.79783041975,14712.24130415073,14747.780105204285,14722.375,14759.423110613094,14685.326889386906,14777.94716591964,14666.80283408036,857,993.5,19.532811428816494
2022-02-04T03:45:00-06:00,14711.25,14719,14705.75,14706.5,14752.91524757555,14708.698553613167,14711.197430668779,14746.426659132014,14719.8,14753.602588658407,14685.997411341592,14770.503882987612,14669.096117012386,633,967.75,19.127468755989625
2022-02-04T03:50:00-06:00,14707,14710,14692,14701.5,14752.542212446453,14706.299035742111,14709.434261456274,14744.95365391457,14717.275,14748.527559894617,14686.022440105382,14764.153839841925,14670.396160158074,585,962.75,19.05472883624836
2022-02-04T03:55:00-06:00,14700.75,14701,14682.5,14686.25,14752.059028457079,14699.616023828074,14705.218941191497,14743.028943950158,14713.4875,14740.166834233236,14686.808165766763,14753.506501349853,14673.468498650145,631,936.9,19.018939879071045
2022-02-04T04:00:00-06:00,14685.75,14697.75,14673.75,14693.5,14750.800279469113,14697.577349218716,14703.088224611225,14741.405044148512,14710.975,14735.126035175292,14686.823964824709,14747.201552762937,14674.748447237063,1648,976.4,19.340298596550333
2022-02-04T04:05:00-06:00,14693.25,14693.5,14669.25,14673,14749.779677923781,14689.384899479144,14697.617638318276,14739.162255815774,14708.4,14736.835629060004,14679.964370939995,14751.053443590006,14665.746556409993,1196,982.75,19.65705352580515
2022-02-04T04:10:00-06:00,14674,14677.5,14645,14648.5,14747.562382737413,14675.756599652763,14688.687158624043,14736.189722838208,14704.85,14742.943765894048,14666.756234105953,14761.99064884107,14647.70935115893,2072,1029.7,20.48563071768869
2022-02-04T04:15:00-06:00,14648.25,14652,14633.75,14641,14745.686917520094,14664.171066435176,14680.016766146944,14733.068748318921,14700.7875,14747.046897693772,14654.528102306229,14770.176596540658,14631.398403459343,1572,1069.65,20.341396477837804
2022-02-04T04:20:00-06:00,14641,14641,14603.5,14612.25,14742.114037453766,14646.864044290118,14667.695535938408,14729.107477882235,14695.175,14754.075360780365,14636.274639219633,14783.525541170548,14606.824458829451,2560,1140.35,21.44840315668698
2022-02-04T04:25:00-06:00,14610.75,14631,14609.5,14615.75,14740.489627243498,14636.492696193412,14658.250893040517,14725.390839263146,14690.5,14758.351860696668,14622.648139303332,14792.277791045002,14588.722208954998,1212,1157.35,21.451731985287818
2022-02-04T04:30:00-06:00,14615.25,14617.5,14584.5,14612.75,14736.087528337524,14628.578464128941,14649.978003396785,14721.697696992223,14685.275,14759.844246341843,14610.705753658156,14797.128869512764,14573.421130487235,3089,1266.85,22.196781534624087
2022-02-04T04:35:00-06:00,14612.25,14624,14602.25,14610.5,14734.467519589743,14622.552309419294,14642.80018459737,14718.05187086133,14679.25,14757.451502543263,14601.048497456737,14796.552253814893,14561.947746185107,1261,1272.55,22.16795691948705
2022-02-04T04:40:00-06:00,14610.25,14619.75,14598.75,14607,14733.039873058531,14617.368206279529,14636.29106012512,14714.410825915058,14673.325,14754.51152905463,14592.138470945372,14795.104793581942,14551.545206418059,1105,1274.7,22.092604860165306
2022-02-04T04:45:00-06:00,14605.5,14618.5,14592.75,14603.5,14731.133015735095,14612.745470853019,14630.32904919328,14710.774405393253,14667.825,14752.220216095999,14583.429783904003,14794.417824143999,14541.232175856003,1473,1316.4,22.328565836928835
2022-02-04T04:50:00-06:00,14604,14628.75,14604,14609.75,14729.36612432415,14611.74698056868,14626.58740388541,14707.462129806589,14662.675,14748.040991472488,14577.30900852751,14790.723987208732,14534.626012791266,1518,1341.65,22.48478739583665
2022-02-04T04:55:00-06:00,14611,14629.25,14595.25,14623.5,14727.864431439171,14615.664653712452,14626.026057724426,14704.70927309162,14658.575,14743.193275212498,14573.956724787504,14785.502412818747,14531.647587181254,1349,1362.85,23.227704338040738
2022-02-04T05:00:00-06:00,14622.75,14625.75,14606.5,14609,14726.69219001063,14613.443102474968,14622.93041086544,14701.571264137796,14654.625,14740.742434355514,14568.507565644486,14783.801151533271,14525.448848466729,1057,1330.5,22.97107825171553
2022-02-04T05:05:00-06:00,14608.5,14617.5,14586.25,14591,14725.142049036838,14605.962068316645,14617.124881617177,14697.945976789015,14649.075,14736.560727406355,14561.589272593646,14780.30359110953,14517.846408890471,1257,1338.9,23.505202235475817
2022-02-04T05:10:00-06:00,14591.5,14591.5,14567.5,14577.25,14722.697160017124,14596.391378877763,14609.874903141326,14693.988731648391,14642.45,14730.618390026373,14554.281609973628,14774.70258503956,14510.197414960441,1769,1380.9,23.53712467189673
2022-02-04T05:15:00-06:00,14578,14588.75,14568.75,14578,14721.368582818091,14590.260919251841,14604.07946620654,14690.185822414018,14635.575,14721.296073837433,14549.853926162568,14764.15661075615,14506.993389243851,985,1391.45,23.308923080161456
2022-02-04T05:20:00-06:00,14578,14580,14548,14563.75,14718.64758120609,14581.423946167894,14596.74683598717,14686.040385613558,14628.2125,14712.029305445198,14544.395694554802,14753.937708167796,14502.487291832203,1880,1442.6,23.86963772015104
2022-02-04T05:25:00-06:00,14564,14585.25,14563.5,14579.25,14717.04123040615,14580.699297445262,14593.565593080411,14682.539061495081,14621.85,14700.061316316698,14543.638683683303,14739.166974475047,14504.533025524954,1239,1472.9,23.732886899496133
2022-02-04T05:30:00-06:00,14578.5,14588,14569.25,14575,14715.577076138574,14578.799531630175,14590.190030702155,14679.01319062639,14615.525,14687.129102536364,14543.920897463635,14722.931153804546,14508.118846195453,1166,1501.95,23.411410325335094
2022-02-04T05:35:00-06:00,14573,14589.25,14561.25,14585,14713.99657522069,14580.866354420117,14589.246388756308,14675.930790933722,14610.4625,14675.351496564022,14545.573503435977,14707.795994846034,14513.129005153965,1297,1535.25,23.70744836886186
2022-02-04T05:40:00-06:00,14582.75,14584.25,14564,14564.25,14712.865259220065,14575.327569613411,14584.701590800616,14672.269125657207,14604,14659.602158231708,14548.397841768292,14687.403237347562,14520.596762652438,896,1497.65,23.484387183774
2022-02-04T05:45:00-06:00,14564.25,14565,14541.25,14545.25,14710.322421556459,14565.301713075607,14577.528574291413,14668.104564160249,14597.6125,14649.250779164136,14545.974220835862,14675.069918746205,14520.155081253793,1804,1528.05,23.501523494498258
2022-02-04T05:50:00-06:00,14545.25,14545.25,14526,14539.25,14707.361579016237,14556.617808717072,14570.568833511155,14663.879824351716,14592.15,14644.212318427191,14540.087681572808,14670.243477640786,14514.056522359213,2000,1524.45,23.22723165614353
2022-02-04T05:55:00-06:00,14540.25,14545.75,14518,14520.5,14704.804015785567,14544.578539144715,14561.4654092364,14659.178846504119,14586.125,14641.935057337792,14530.314942662208,14669.840086006689,14502.409913993311,1696,1530.65,23.519023162198785
2022-02-04T06:00:00-06:00,14521.25,14552.5,14520.25,14547.75,14702.190053916987,14545.635692763144,14558.971698466145,14655.525441700705,14582.9,14639.743513262834,14526.056486737165,14668.16526989425,14497.634730105749,1918,1498.55,24.082311990444026
2022-02-04T06:05:00-06:00,14548,14554.5,14535.5,14549,14700.720346499611,14546.757128508763,14557.158662381391,14652.032804267896,14579.5625,14636.13675982745,14522.98824017255,14664.423889741176,14494.701110258824,1150,1495.45,23.754420894286348
2022-02-04T06:10:00-06:00,14548.25,14554.75,14535.25,14544.5,14699.244016628902,14546.004752339175,14554.857087402956,14648.507138554194,14576.15,14632.538474000328,14519.761525999671,14660.732711000494,14491.567288999506,1166,1399.3,23.479942126913034
2022-02-04T06:15:00-06:00,14543.25,14554,14538.25,14549.5,14698.087488480318,14547.169834892784,14553.88307151151,14645.261002863892,14573.1,14628.31331361176,14517.886686388241,14655.919970417639,14490.280029582362,944,1383.45,22.981236183241226
2022-02-04T06:20:00-06:00,14549.25,14570.25,14542.5,14562,14696.628559103252,14552.113223261857,14555.358876691234,14642.531133917535,14570.85,14623.982475945151,14517.71752405485,14650.548713917726,14491.151286082275,1308,1393.6,23.288898364967597
2022-02-04T06:25:00-06:00,14562.25,14574.5,14558,14573.5,14695.443417784207,14559.242148841238,14558.657262747374,14640.267818051387,14569.35,14620.362351445414,14518.337648554587,14645.868527168122,14492.831472831878,1172,1378.55,22.850904922066462
2022-02-04T06:30:00-06:00,14572.5,14573.25,14556.75,14562.25,14694.463579985466,14560.244765894158,14559.310487702398,14637.7098568038,14566.975,14614.549651863852,14519.400348136149,14638.336977795778,14495.613022204223,951,1350.2,22.44116912064282
2022-02-04T06:35:00-06:00,14562.25,14579,14560.5,14576.5,14693.628833025628,14565.663177262772,14562.435853574689,14635.702976252856,14564.625,14604.879037065215,14524.370962934785,14625.006055597822,14504.243944402178,875,1326.5,22.186900145117477
2022-02-04T06:40:00-06:00,14576.75,14585,14565,14578.75,14692.41890056487,14570.025451508514,14565.402062015655,14633.835665556042,14563.1125,14598.571093811724,14527.653906188274,14616.300390717586,14509.924609282412,1337,1340.5,22.045809813174415
2022-02-04T06:45:00-06:00,14579,14616.25,14578.25,14608,14690.45518793192,14582.68363433901,14573.147141649173,14632.988594554205,14563.9625,14602.71629820175,14525.208701798249,14622.093197302625,14505.831802697374,2842,1419.75,23.07511240587284
2022-02-04T06:50:00-06:00,14608,14627.25,14605.25,14617,14689.24719849498,14594.122422892673,14581.12038862205,14632.464378339313,14565.95,14610.820257408603,14521.079742591399,14633.255386112904,14498.644613887098,2201,1441.35,23.005750315171365
2022-02-04T06:55:00-06:00,14617.75,14637.25,14617.25,14627.5,14688.133608930868,14605.248281928449,14589.553045236224,14632.301611836385,14568.425,14620.554430268141,14516.295569731858,14646.619145402212,14490.230854597787,2468,1515.5,22.81183093999902
2022-02-04T07:00:00-06:00,14628.25,14634.75,14606,14608.5,14687.196358444698,14606.3321879523,14592.997946102365,14631.521231120438,14570.6625,14625.56497603719,14515.76002396281,14653.016214055786,14488.308785944215,1817,1512.35,23.194938621289406
2022-02-04T07:05:00-06:00,14609.5,14617.25,14603.75,14609.25,14686.578494711885,14607.3047919682,14595.952864992843,14630.791026821407,14572.1625,14629.506478541489,14514.818521458512,14658.178467812233,14486.146532187768,1123,1506.55,22.569458710238475
2022-02-04T07:10:00-06:00,14609.5,14623.5,14601,14620.25,14685.957080530663,14611.619861312132,14600.370525903236,14630.44541938464,14574.425,14635.488307313648,14513.36169268635,14666.019960970472,14482.830039029526,1226,1509.55,22.564977503126315
2022-02-04T07:15:00-06:00,14619.25,14620.75,14585.75,14587.25,14685.023678894504,14603.496574208088,14597.984975739011,14629.029176126127,14574.5375,14635.686554571323,14513.388445428678,14666.261081856985,14482.813918143016,1515,1520.45,23.36723701905365
2022-02-04T07:20:00-06:00,14587.5,14606.25,14583.25,14598.25,14684.149366427837,14601.747716138725,14598.033161968282,14628.020022810517,14576.2375,14638.035047484547,14514.439952515451,14668.933821226821,14483.541178773177,1416,1546.45,23.343544308146964
2022-02-04T07:25:00-06:00,14596.5,14628.5,14596,14604.75,14683.188599791158,14602.748477425817,14599.254405246777,14627.257071242959,14579.2125,14640.483062875543,14517.941937124457,14671.118344313314,14487.306655686685,1888,1550.65,23.934283385040708
2022-02-04T07:30:00-06:00,14613.5,14613.5,14460,14476.5,14668.338076340824,14560.665651617212,14576.935422474635,14622.314216448107,14576.075,14650.272557236842,14501.87744276316,14687.371335855261,14464.77866414474,14315,2166.4,32.293361876328404
2022-02-04T07:35:00-06:00,14477.5,14526.25,14458.25,14521.5,14656.810945735175,14547.610434411474,14566.856254751974,14619.008832302266,14576.125,14650.17388587921,14502.07611412079,14687.198328818815,14465.051671181185,11952,2679.2,34.59701594882335
2022-02-04T07:40:00-06:00,14521,14535.25,14470,14477.75,14651.431308572763,14524.323622940983,14550.655117524342,14614.377395177602,14572.625,14657.529284343915,14487.720715656085,14699.981426515871,14445.268573484129,5906,2878.6,36.57462782309281
2022-02-04T07:45:00-06:00,14476.25,14510,14474,14493.5,14647.57221638751,14514.049081960655,14540.263277974462,14610.41420189309,14569.85,14661.055591933384,14478.644408066617,14706.658387900075,14433.041612099925,4439,3043.05,36.53755506031263
2022-02-04T07:50:00-06:00,14494,14504.25,14451.5,14467.5,14642.476567103957,14498.532721307103,14527.033591070014,14605.728490355612,14566,14667.122450524104,14464.877549475896,14717.683675786157,14414.316324213843,5543,3261.9,37.583519249969875
2022-02-04T07:55:00-06:00,14468.5,14477,14414,14418,14635.439659460346,14471.688480871402,14507.209301784556,14599.573457884937,14559.425,14679.338208197132,14439.511791802866,14739.294812295697,14379.555187704302,6657,3547.55,39.22329220158472
2022-02-04T08:00:00-06:00,14417.25,14424,14362.75,14374.75,14624.786524716532,14439.375653914269,14483.125792369183,14592.202196970677,14550.0625,14694.451546935617,14405.673453064383,14766.646070403427,14333.478929596573,8743,3919.3,40.64437012406312
2022-02-04T08:05:00-06:00,14374,14420,14372.5,14407.5,14618.119522426205,14428.750435942846,14469.375648302059,14586.146387233934,14541.7625,14698.375356671993,14385.149643328008,14776.681785007988,14306.843214992014,6228,4172.1,41.08666882573647
2022-02-04T08:10:00-06:00,14407.25,14448,14400.5,14446.25,14613.80235857834,14434.583623961897,14465.170984974411,14581.559620439379,14535.9625,14697.621421421189,14374.30357857881,14778.450882131783,14293.474117868216,4975,4373.3,41.500432127301856
2022-02-04T08:15:00-06:00,14445.5,14483.5,14441.5,14482,14609.804088408786,14450.389082641264,14468.230805888155,14578.295370588907,14531.2375,14693.40419471605,14369.070805283949,14774.487542074075,14287.987457925923,6104,4634.75,41.53266231263722
2022-02-04T08:20:00-06:00,14482.5,14498,14480.25,14492.5,14607.922407268064,14464.426055094176,14472.643386635764,14575.482407618778,14526.925,14688.394122435691,14365.455877564307,14769.128683653538,14284.72131634646,3535,4744.65,39.9982970021445
2022-02-04T08:25:00-06:00,14494,14528.75,14493.5,14519.25,14605.594458822015,14482.700703396118,14481.117316338352,14573.63872212308,14522.4875,14679.620125113719,14365.35487488628,14758.186437670578,14286.78856232942,5698,4887.45,39.69195526007066
2022-02-04T08:30:00-06:00,14519.25,14565.5,14455,14464.5,14597.477164884922,14476.63380226408,14478.095986095015,14570.060403364945,14514.8625,14667.650218338487,14362.074781661511,14744.044077507731,14285.680922492267,18242,5689.5,44.26021621103384
2022-02-04T08:35:00-06:00,14463.75,14482,14432.75,14458.75,14589.934495172485,14470.672534842719,14474.57853407774,14566.410881943144,14506.425,14651.860905126901,14360.989094873097,14724.57885769035,14288.271142309648,14191,6275.65,44.58213774580585
2022-02-04T08:40:00-06:00,14458,14579.25,14455.25,14558.5,14586.722392862499,14499.948356561812,14489.836982427241,14566.15150876468,14503.925,14643.871784529267,14363.978215470732,14713.8451767939,14294.004823206098,15145,6942.05,49.705870794463536
2022-02-04T08:45:00-06:00,14559,14606.75,14542.75,14553.75,14585.890492559534,14517.882237707874,14501.457531076834,14565.744901919938,14501.15,14634.687017339726,14367.612982660274,14701.45552600959,14300.84447399041,12743,7523.05,50.628072678691694
2022-02-04T08:50:00-06:00,14554.5,14569.25,14497.25,14508.75,14583.26832584276,14514.838158471915,14502.78343451741,14563.876216611086,14495.575,14617.568452692816,14373.581547307185,14678.565179039224,14312.584820960778,13097,8116.6,52.006906699421265
2022-02-04T08:55:00-06:00,14509.5,14586.5,14508.25,14574.75,14582.323276318439,14534.80877231461,14515.868264605155,14564.232734099247,14494.95,14615.173604171205,14374.726395828797,14675.285406256806,14314.614593743196,11115,8596.6,53.70000949300699
2022-02-04T09:00:00-06:00,14574.75,14619,14566,14610.25,14582.935009064891,14559.95584820974,14533.02858013149,14565.741496915665,14495.55,14617.930206733283,14373.169793266716,14679.120310099923,14311.979689900076,12440,9147.8,53.65484759023234
2022-02-04T09:05:00-06:00,14610,14631,14585.25,14590.25,14583.503398450744,14570.053898806493,14543.432474653036,14566.54505439384,14494.825,14614.75624071708,14374.89375928292,14674.721861075619,14314.928138924382,9967,9551.75,53.14485742312058
2022-02-04T09:10:00-06:00,14589.75,14623.75,14550.75,14617.25,14583.89905303194,14585.785932537661,14556.85384289794,14568.20751162683,14501.8625,14632.689912552205,14371.035087447794,14698.103618828307,14305.621381171692,9994,9335.7,54.42583436356441
2022-02-04T09:15:00-06:00,14616.5,14666.75,14614.25,14643,14585.263533194073,14604.85728835844,14572.51678055286,14570.659724360376,14507.9375,14652.419408469621,14363.455591530379,14724.660362704431,14291.214637295569,8450,9160.6,54.301586985269935
2022-02-04T09:20:00-06:00,14642.5,14659.25,14603.5,14609.75,14586.090191192701,14606.48819223896,14579.286456815977,14571.941372742003,14514.5375,14664.84279556536,14364.23220443464,14739.995443348042,14289.07955665196,7722,9251.4,54.395032986220265
2022-02-04T09:25:00-06:00,14610.25,14648,14557.5,14559.75,14586.149569435172,14590.908794825973,14575.734373758527,14571.541655602921,14517.85,14669.072055269773,14366.627944730228,14744.68308290466,14291.016917095341,9518,9505.35,56.7243856967867
2022-02-04T09:30:00-06:00,14559,14599.25,14558.25,14587.5,14586.04659006853,14589.772529883981,14577.873578529703,14572.064880009382,14523.85,14676.123799453297,14371.576200546704,14752.260699179946,14295.439300820055,8768,9666.6,55.70990920021981
2022-02-04T09:35:00-06:00,14586.25,14591.75,14535.75,14559,14585.509093342007,14579.515019922654,14574.44201879703,14571.636523287763,14530.9,14675.795686616235,14386.004313383764,14748.243529924353,14313.556470075646,8789,9773.2,55.7286247356895
2022-02-04T09:40:00-06:00,14559,14583,14522.5,14531.25,14584.811091247175,14563.426679948436,14566.588924470298,14570.312374983247,14538.725,14664.714275336813,14412.735724663187,14727.708913005219,14349.741086994782,6948,9683.45,56.03645539790308
2022-02-04T09:45:00-06:00,14530,14530,14487,14512,14582.909195307862,14546.284453298957,14556.663665475699,14568.400493836254,14543.95,14655.587538489248,14432.312461510754,14711.40630773387,14376.49369226613,10320,9888.05,55.19539375932869
2022-02-04T09:50:00-06:00,14512.75,14532,14492.5,14522.25,14581.840618528584,14538.272968865971,14550.406635389209,14566.887362890802,14547.75,14650.65918326346,14444.84081673654,14702.11377489519,14393.38622510481,6576,9968.1,54.18278771033974
2022-02-04T09:55:00-06:00,14522.75,14540.75,14495.5,14502.5,14580.887308304751,14526.348645910648,14541.696338045716,14564.776301812415,14548.775,14649.42785639296,14448.12214360704,14699.75428458944,14397.795715410559,5811,9953.45,53.60647882580169
2022-02-04T10:00:00-06:00,14503.25,14535.25,14481.5,14527,14579.84271213534,14526.565763940433,14539.024276582859,14563.537734539877,14550.5,14648.380284020595,14452.619715979405,14697.320426030892,14403.679573969108,6725,10112.95,53.615738256395126
2022-02-04T10:05:00-06:00,14527.75,14537,14498,14502.25,14579.172120542307,14518.460509293622,14532.338044476885,14561.528300620537,14549.65,14648.886888302879,14450.41311169712,14698.505332454319,14400.79466754568,4288,10042.45,52.67278740114383
2022-02-04T10:10:00-06:00,14502.75,14506,14456,14458,14577.518529194418,14498.307006195748,14518.822036390178,14558.133930108388,14549.325,14649.71114197158,14448.938858028421,14699.90421295737,14398.745787042631,6843,9472.5,52.50034950429584
2022-02-04T10:15:00-06:00,14458.5,14495.5,14442,14489.25,14576.07444935623,14495.288004130498,14513.445302501055,14555.875440596637,14550.85,14646.500980130966,14455.199019869035,14694.326470196449,14407.373529803552,6294,9077.65,52.56484308466385
2022-02-04T10:20:00-06:00,14488.5,14501.25,14466.75,14492.5,14575.081691821675,14494.358669420331,14509.637065682682,14553.797557298387,14547.55,14646.417537645482,14448.682462354516,14695.851306468225,14399.248693531774,4998,8570.3,51.39936933726618
2022-02-04T10:25:00-06:00,14492.5,14556,14491.5,14541,14574.210726264993,14509.905779613555,14515.33941737674,14553.377965255817,14546.9125,14645.77632996319,14448.048670036811,14695.208244944784,14398.616755055216,8752,8370.75,52.24457131550707
2022-02-04T10:30:00-06:00,14540.75,14580,14530.25,14569.75,14573.999977595098,14529.853853075703,14525.232250580968,14553.914753280216,14549.9625,14647.685997046709,14452.23900295329,14696.547745570064,14403.377254429935,6895,8060.65,52.083631230635646
2022-02-04T10:35:00-06:00,14570,14597.75,14568.5,14579.25,14574.103162263817,14546.319235383802,14535.053659566247,14554.745417107095,14550.1875,14648.158653279688,14452.216346720312,14697.144229919533,14403.230770080467,6206,7815.2,50.61049373188496
2022-02-04T10:40:00-06:00,14579.5,14597,14569.25,14585.5,14574.18801083516,14559.379490255867,14544.225721463294,14555.75376408719,14548.95,14644.449293190528,14453.450706809474,14692.198939785792,14405.701060214209,4109,7398.65,49.13562316853754
2022-02-04T10:45:00-06:00,14586,14620.5,14581,14592.5,14574.494416380372,14570.419660170579,14553.002863015423,14556.958558707283,14549.0625,14644.76122974626,14453.36377025374,14692.61059461939,14405.51440538061,6195,7210.05,48.51397006088996
2022-02-04T10:50:00-06:00,14591.75,14597.25,14574.75,14588.75,14574.592815105445,14576.529773447053,14559.502342467164,14558.00090104475,14547.6375,14640.023845716983,14455.251154283018,14686.217018575477,14409.057981424525,3844,6902.55,46.83564941180028
2022-02-04T10:55:00-06:00,14589.25,14625,14579.5,14582,14574.859371090168,14578.353182298035,14563.592825654952,14558.787756748201,14544.5875,14627.746275093421,14461.428724906578,14669.32566264013,14419.849337359869,6267,6793.4,46.749478482006715
2022-02-04T11:00:00-06:00,14582.25,14589.5,14557.5,14575.75,14574.852083119767,14577.485454865357,14565.803220990416,14559.34389587121,14542.8875,14621.936926784676,14463.838073215325,14661.461640177013,14424.313359822989,5950,6704.8,45.79789922510306
2022-02-04T11:05:00-06:00,14575.75,14593.25,14557,14586,14574.882409752694,14580.323636576904,14569.475362628522,14560.217866498384,14544.2,14625.174008175229,14463.225991824773,14665.661012262843,14422.738987737159,3901,6423.95,45.18190572670931
2022-02-04T11:10:00-06:00,14586,14611,14557.5,14599.25,14575.031317415738,14586.632424384603,14574.8889330597,14561.497608580405,14544.7875,14627.167909533428,14462.407090466573,14668.358114300141,14421.21688569986,5251,6248.1,45.71855697014742
2022-02-04T11:15:00-06:00,14600,14618.25,14583.75,14598,14575.241203571417,14590.421616256403,14579.090945230662,14562.69440829908,14546.7375,14632.161365957103,14461.313634042896,14674.873298935654,14418.601701064345,4295,6023.4,44.99477910110565
2022-02-04T11:20:00-06:00,14596.75,14612.5,14576.75,14589,14575.364581632894,14589.947744170935,14580.89259155236,14563.556886715503,14549.625,14636.648775487207,14462.601224512793,14680.16066323081,14419.08933676919,3626,5857.3,44.398341739744
2022-02-04T11:25:00-06:00,14588,14608.25,14577.25,14591.5,14575.459644759481,14590.465162780623,14582.821211270113,14564.473054364176,14553.6,14640.648894306536,14466.551105693465,14684.173341459804,14423.026658540197,2899,5486.25,43.53393259524439
2022-02-04T11:30:00-06:00,14592.5,14614.75,14558,14577.75,14575.56011486861,14586.226775187082,14581.899172857366,14564.908364057153,14556.375,14642.785575163136,14469.964424836864,14685.990862744702,14426.759137255298,6548,5484.85,44.38658210522862
2022-02-04T11:35:00-06:00,14578.25,14608.25,14572,14607.25,14575.717504009515,14593.234516791388,14586.508414156026,14566.296614415935,14561.6125,14647.018658297167,14476.206341702831,14689.721737445752,14433.503262554246,4100,5399.3,43.86164132424613
2022-02-04T11:40:00-06:00,14607.75,14631.5,14598.75,14620.25,14576.111674865117,14602.239677860925,14592.64324794584,14568.065577877707,14566.275,14653.769699840102,14478.780300159897,14697.517049760154,14435.032950239845,5112,5318.65,43.144761238810894
2022-02-04T11:45:00-06:00,14619.25,14640,14611,14637,14576.487185765895,14613.826451907284,14600.708111955688,14570.325722865324,14573.0125,14660.50142429826,14485.523575701742,14704.245886447388,14441.779113552613,3789,5293.7,42.23219599759729
2022-02-04T11:50:00-06:00,14637.25,14648.25,14625,14631.75,14576.944584859892,14619.800967938188,14606.352091600109,14572.339633591051,14581.7,14655.16335821272,14508.236641787282,14691.89503731908,14471.504962680921,4231,5163.1,41.00753819130069
2022-02-04T11:55:00-06:00,14632.75,14656.5,14625.5,14652,14577.43794649162,14630.533978625459,14614.65171130918,14574.951448883148,14589.8375,14656.252911427153,14523.422088572846,14689.46061714073,14490.214382859269,3972,5047,40.361890566055486
2022-02-04T12:00:00-06:00,14652,14703,14651.5,14698.25,14579.047750855365,14653.105985750306,14629.851400162055,14578.994024329602,14600.125,14666.783926634202,14533.466073365798,14700.113389951302,14500.136610048698,8343,5214.25,41.080478271471264
2022-02-04T12:05:00-06:00,14697.75,14707.5,14688.25,14700.75,14579.998530602128,14668.987323833537,14642.742054678045,14582.98602353191,14608.1125,14682.369734497068,14533.85526550293,14719.498351745602,14496.726648254396,4429,4998.1,39.67206031847312
2022-02-04T12:10:00-06:00,14700,14714.75,14691,14701.75,14580.918029727656,14679.908215889025,14653.47077200931,14586.879924399716,14614.7125,14697.169500157745,14532.255499842255,14738.398000236617,14491.026999763382,4220,4864.35,38.644830620507115
2022-02-04T12:15:00-06:00,14702.5,14707.5,14682.25,14694.5,14581.62869106391,14684.772143926017,14660.930631643982,14590.408451468578,14620.475,14708.156369172242,14532.793630827759,14751.997053758363,14488.952946241638,3532,4730.65,37.780647999829235
2022-02-04T12:20:00-06:00,14694.75,14731.75,14689,14729,14582.67158683722,14699.514762617344,14673.306880435985,14594.95243666633,14627.65,14725.593784897937,14529.706215102062,14774.565677346907,14480.734322653092,4406,4745.5,38.101251354678965
2022-02-04T12:25:00-06:00,14728.75,14728.75,14694.25,14707.5,14583.546364955444,14702.176508411563,14679.523811265806,14598.642520710056,14633.4,14735.815013548005,14530.984986451995,14787.022520322007,14479.777479677992,3939,4632.7,37.868912557602904
2022-02-04T12:30:00-06:00,14707.75,14724.75,14698.25,14722.5,14584.332157801482,14708.951005607709,14687.337663762932,14602.703421670383,14640.0875,14747.320805810565,14532.854194189435,14800.937458715845,14479.237541284154,3448,4612.9,37.13543432808014
2022-02-04T12:35:00-06:00,14721.75,14723.5,14692.5,14702.5,14585.081887982207,14706.800670405139,14690.094452169671,14605.97544063201,14646.1125,14753.154603281995,14539.070396718003,14806.675654922992,14485.549345077006,3576,4478.35,36.739599855300774
2022-02-04T12:40:00-06:00,14703.75,14746.25,14703.5,14740.25,14586.446241072734,14717.950446936758,14699.213642684277,14610.377885201453,14654.3375,14763.743198548762,14544.931801451237,14818.446047823145,14490.228952176854,5523,4457,37.127367606571696
2022-02-04T12:45:00-06:00,14740.25,14742,14712.5,14731,14587.74429382816,14722.30029795784,14704.992980378045,14614.33270863747,14661.5875,14771.135580197757,14552.039419802242,14825.909620296636,14497.265379703364,5410,4532.45,36.63527937388965
2022-02-04T12:50:00-06:00,14730.75,14753,14730.5,14747.75,14588.99607626637,14730.783531971892,14712.766983945674,14618.707046059193,14669.0125,14780.761602345112,14557.26339765489,14836.636153517667,14501.388846482334,4789,4509.35,35.72332586589677
2022-02-04T12:55:00-06:00,14748.25,14753.5,14729.25,14744.5,14590.044335245882,14735.355687981262,14718.53662322828,14622.831405204794,14676.3375,14787.712348485024,14564.962651514976,14843.399772727535,14509.275227272465,4106,4499.9,34.98311129390343
2022-02-04T13:00:00-06:00,14744.75,14754.25,14725,14730,14591.02130889845,14733.570458654174,14720.62087355041,14626.34512962431,14683.3875,14789.481382363172,14577.29361763683,14842.528323544757,14524.246676455245,4038,4520.5,34.61323314590966
2022-02-04T13:05:00-06:00,14729.5,14750.75,14723.75,14746.75,14591.862567553355,14737.963639102783,14725.371623813971,14630.292830292365,14691.15,14791.793852271572,14590.506147728427,14842.115778407357,14540.184221592643,3426,4546.85,34.12205681391549
2022-02-04T13:10:00-06:00,14747.5,14752.75,14703.25,14717.25,14592.965112687469,14731.05909273519,14723.894964938703,14633.143885036878,14698.125,14784.721261466786,14611.528738533214,14828.019392200178,14568.230607799822,5103,4474.6,35.114182180759656
2022-02-04T13:15:00-06:00,14717.75,14723.25,14688.5,14689.5,14593.630707125525,14717.20606182346,14717.641334949849,14634.991626511079,14702.2375,14778.359027015531,14626.115972984468,14816.419790523298,14588.0552094767,3824,4460.8,35.09068655619452
2022-02-04T13:20:00-06:00,14689.5,14725.5,14688.75,14714.75,14594.40183424114,14716.387374548973,14717.11563768624,14637.606655150059,14706.9625,14773.235472432674,14640.689527567325,14806.371958649012,14607.553041350988,4130,4411.7,35.19773903644003
2022-02-04T13:25:00-06:00,14714,14734.5,14709.25,14719,14594.921050565206,14717.258249699315,14717.458249016014,14640.275289407435,14711.0625,14769.156362627853,14652.968637372147,14798.203293941779,14623.921706058221,2561,4350.3,34.55594942118584
2022-02-04T13:30:00-06:00,14719,14755.25,14713,14743.25,14595.860111253858,14725.92216646621,14722.147658285829,14643.651509426863,14716.6375,14763.538319555588,14669.736680444414,14786.988729333381,14646.28627066662,4147,4346.1,35.05233978110933
2022-02-04T13:35:00-06:00,14742.75,14767.5,14741.75,14750.25,14597.441476558794,14734.031444310805,14727.257174961132,14647.14654190467,14721.55,14760.196021788857,14682.903978211141,14779.519032683287,14663.580967316711,6379,4466.45,34.45218882748937
2022-02-04T13:40:00-06:00,14751.25,14759,14724,14732.5,14598.596331348312,14733.52096287387,14728.21041587729,14649.945015940582,14723.2625,14760.641463000406,14685.883536999596,14779.330944500609,14667.194055499393,5238,4311.2,34.48753148378038
2022-02-04T13:45:00-06:00,14731.75,14737.25,14717,14730,14599.276012983693,14732.34730858258,14728.535794808693,14652.569769516302,14724.725,14760.72982606494,14688.72017393506,14778.732239097411,14670.71776090259,3376,4258.55,33.56898106547197
2022-02-04T13:50:00-06:00,14729.25,14752.75,14725.75,14751,14600.086000924548,14738.564872388388,14732.620195752566,14655.796990187899,14727.1875,14763.306703686576,14691.068296313424,14781.366305529862,14673.008694470138,3641,4229.6,33.14517583544152
2022-02-04T13:55:00-06:00,14750.5,14759.75,14741.75,14756.25,14600.952220618337,14744.459914925592,14736.916523797554,14659.090531493213,14730.275,14765.227789588107,14695.322210411892,14782.704184382159,14677.84581561784,3695,4237.75,32.16806771702594
2022-02-04T14:00:00-06:00,14756.5,14789,14756.5,14788.25,14602.769917875363,14759.056609950394,14746.24988310709,14663.325268165567,14733.2375,14776.347671364276,14690.127328635723,14797.902757046413,14668.572242953585,6751,4355,32.18948270302427
2022-02-04T14:05:00-06:00,14788.5,14799.5,14779.75,14789.75,14604.115703201316,14769.287739966929,14754.158995269438,14667.470341340466,14737.35,14785.277914621012,14689.422085378988,14809.241871931517,14665.458128068483,4767,4396.4,31.386935431861414
2022-02-04T14:10:00-06:00,14790.25,14819.5,14786,14807.5,14606.00367263086,14782.025159977953,14763.857359765903,14672.061477689958,14741.6,14797.857755020466,14685.342244979534,14825.9866325307,14657.213367469301,6302,4539.1,31.523262178192937
2022-02-04T14:15:00-06:00,14808,14812,14774,14776.25,14607.279657264777,14780.10010665197,14766.110567081194,14675.477494814877,14745.2875,14800.46817483182,14690.10682516818,14828.058512247731,14662.51648775227,4734,4597,31.941116231212746
2022-02-04T14:20:00-06:00,14777,14796,14773,14793.5,14608.364759212742,14784.56673776798,14771.090463975523,14679.347085148815,14747.95,14806.910707253988,14688.989292746013,14836.39106088098,14659.508939119021,4077,4524.7,31.36427002274741
2022-02-04T14:25:00-06:00,14793.25,14804.5,14767,14777,14609.54173340844,14782.04449184532,14772.164925070882,14682.548820061967,14750.25,14809.970390152579,14690.529609847421,14839.830585228867,14660.669414771133,4599,4484.15,31.76012356966693
2022-02-04T14:30:00-06:00,14776.75,14812.25,14775.25,14798.75,14610.924883246005,14787.612994563546,14776.998575057994,14686.358694814035,14752.8,14816.12231044547,14689.47768955453,14847.783465668206,14657.816534331792,5111,4500.25,32.09818011355939
2022-02-04T14:35:00-06:00,14799,14799.75,14779.5,14781.5,14612.00894781267,14785.57532970903,14777.817015956542,14689.478081869313,14754.65,14819.04708844361,14690.252911556388,14851.245632665417,14658.054367334582,4257,4507.8,31.333781396555555
2022-02-04T14:40:00-06:00,14782,14784,14737,14744.25,14613.537462977572,14771.80021980602,14771.713922146262,14691.273882463762,14755.3625,14818.96330089987,14691.761699100129,14850.763701349804,14659.961298650194,7463,4679.05,32.34450517742294
2022-02-04T14:45:00-06:00,14744.25,14753.75,14704,14721,14614.89165598862,14754.866813204013,14762.49320902876,14692.24850926823,14754.075,14819.341779450337,14688.808220549665,14851.975169175505,14656.174830824497,8495,4932.5,33.46744032726662
2022-02-04T14:50:00-06:00,14720.25,14740,14687,14719.25,14616.44800991492,14742.994542136008,14754.630807387168,14693.13380404632,14754.175,14819.221541030323,14689.128458969675,14851.744811545484,14656.605188454514,11119,5233.3,34.72760546744297
2022-02-04T14:55:00-06:00,14718.75,14719.25,14673,14680.25,14618.156704128362,14722.079694757338,14741.107024225865,14692.711384241522,14753.7125,14820.69463847693,14686.730361523068,14854.185707715396,14653.239292284603,16885,5886.35,35.470985759866004
2022-02-04T15:00:00-06:00,14680.25,14696.5,14638,14645,14618.676689854716,14696.386463171559,14723.633019821162,14691.147076561472,14750.225,14830.83531261593,14669.61468738407,14871.140468923897,14629.309531076104,9287,6144.2,36.9567286140682
2022-02-04T15:05:00-06:00,14644.5,14651.25,14633.75,14641.5,14618.825264733381,14678.090975447705,14708.699743490042,14689.519303559457,14746.35,14839.124915790546,14653.575084209455,14885.512373685819,14607.187626314182,4738,6253.05,35.70145580025735
2022-02-04T15:10:00-06:00,14641.5,14660,14627.5,14658.5,14618.969491403457,14671.56065029847,14699.572517400944,14688.502277213245,14742.1125,14842.49657181959,14641.728428180408,14892.688607729388,14591.536392270611,3638,6227.6,35.494910264756875
2022-02-04T15:15:00-06:00,14659.25,14659.75,14638,14641.25,14619.006412561152,14661.45710019898,14688.968423328046,14686.953022222648,14736.6625,14846.113662053545,14627.211337946455,14900.839243080318,14572.485756919683,1017,5959.5,34.60814186057901
2022-02-04T15:20:00-06:00,14641.25,14649.5,14640.5,14646.25,14619.024655193218,14656.38806679932,14681.2014372684,14685.618496903873,14732.35,14848.696830639768,14616.003169360232,14906.870245959653,14557.829754040347,521,5723.65,32.956003676025524
2022-02-04T15:25:00-06:00,14645.5,14653,14640,14642.5,14619.041869380115,14651.758711199547,14674.16481231051,14684.20477569391,14727.975,14850.749274585187,14605.200725414814,14912.136411877782,14543.813588122219,497,5579.7,31.668519567894844
2022-02-04T15:30:00-06:00,14643.25,14647,14638,14645.25,14619.056748179235,14649.589140799699,14668.907573708599,14682.927569933454,14722.6875,14850.0623282627,14595.3126717373,14913.74974239405,14531.62525760595,461,5420.7,30.206034434482273
2022-02-04T15:35:00-06:00,14644.75,14651,14642.75,14645,14619.066286690515,14648.0594271998,14664.560742125217,14681.68404305039,14717.125,14847.824512240682,14586.425487759318,14913.174268361025,14521.075731638975,265,5249.2,28.789516083870513
2022-02-04T15:40:00-06:00,14644.75,14648.5,14641,14647.5,14619.074875065613,14647.872951466534,14661.458789011542,14680.563254753657,14710.0875,14839.86435415749,14580.31064584251,14904.752781236233,14515.422218763766,244,4923.85,27.41599891716919
2022-02-04T15:45:00-06:00,14647.75,14651,14641.75,14644.75,14619.084183980542,14646.831967644355,14658.42082737308,14679.389049679767,14702.8375,14830.180960275988,14575.494039724012,14893.85269041398,14511.82230958602,263,4698.65,26.243998987029244
2022-02-04T15:50:00-06:00,14645.25,14649.75,14639,14642.25,14619.100626482435,14645.304645096237,14655.480676941612,14678.171375919774,14694.575,14814.935302840937,14574.214697159065,14875.115454261404,14514.034545738597,506,4408.85,25.24438614915639
2022-02-04T15:55:00-06:00,14642,14645,14638.25,14645,14619.11171914707,14645.203096730826,14653.575099315864,14677.083789824044,14688.0125,14804.080203841171,14571.94479615883,14862.114055761758,14513.910944238243,355,4189.9,24.05119994598501